VOTEID	VOTE_DATE_DETAILED	VOTE_DATE	DOSSIERID	PROCEDURE_TITLE	ISSUE_TYPE	PROCEDURE_SUBJECT	COMMITTEE	PROCEDURE_TYPE	PROCEDURE_SUBTYPE	EP_ID	NAME_FULL	COUNTRY	NATIONAL_PARTY	GROUPE_ID	GENDER	BIRTHDATE	GEOSIZE	POP16	POP16_PERCENTAGE	GDP_BILLIONS	LANGUAGES	POLITICAL_SYS	NB_SEATS_IN_EU	CURRENCY	SCHENGEN_MEMBER	SCHENGEN_MEMBER_SINCE	EU_MEMBER_SINCE	USER_VOTE
58909	2015-10-27 13:27:16	47.0	5639e71ed1d1c5608b000000	Open internet access	Am 5=16=	"['2.40 Free movement of services, freedom to provide', '3.30.03.04 Telecommunication networks', '3.30.05 Electronic and mobile communications, personal communications', '3.30.06 Information and communication technologies', '3.30.20 Trans-European communications networks', '3.30.25 International information networks and society, internet', ""4.60.06 Consumers' economic and legal interests""]"	ITRE	COD - Ordinary legislative procedure (ex-codecision procedure)	Legislation	NI	NI	NI	NI	NI	NI	NI	NI	NI	NI	NI	NI	NI	NI	NI	NI	NI	NI	(3.0, 3.0, 3.0)
58908	2015-10-27 13:27:02	47.0	5639e71ed1d1c5608b000000	Open internet access	Am 4=15=	"['2.40 Free movement of services, freedom to provide', '3.30.03.04 Telecommunication networks', '3.30.05 Electronic and mobile communications, personal communications', '3.30.06 Information and communication technologies', '3.30.20 Trans-European communications networks', '3.30.25 International information networks and society, internet', ""4.60.06 Consumers' economic and legal interests""]"	ITRE	COD - Ordinary legislative procedure (ex-codecision procedure)	Legislation	NI	NI	NI	NI	NI	NI	NI	NI	NI	NI	NI	NI	NI	NI	NI	NI	NI	NI	(1.0, 4.0, 4.0)
58911	2015-10-27 13:27:54	47.0	5639e71ed1d1c5608b000000	Open internet access	Am 7rev=18rev	"['2.40 Free movement of services, freedom to provide', '3.30.03.04 Telecommunication networks', '3.30.05 Electronic and mobile communications, personal communications', '3.30.06 Information and communication technologies', '3.30.20 Trans-European communications networks', '3.30.25 International information networks and society, internet', ""4.60.06 Consumers' economic and legal interests""]"	ITRE	COD - Ordinary legislative procedure (ex-codecision procedure)	Legislation	NI	NI	NI	NI	NI	NI	NI	NI	NI	NI	NI	NI	NI	NI	NI	NI	NI	NI	(0.0, 3.0, 6.0)
58899	2015-10-27 13:24:31	47.0	5639e71ed1d1c5608b000000	Open internet access	Am 1	"['2.40 Free movement of services, freedom to provide', '3.30.03.04 Telecommunication networks', '3.30.05 Electronic and mobile communications, personal communications', '3.30.06 Information and communication technologies', '3.30.20 Trans-European communications networks', '3.30.25 International information networks and society, internet', ""4.60.06 Consumers' economic and legal interests""]"	ITRE	COD - Ordinary legislative procedure (ex-codecision procedure)	Legislation	NI	NI	NI	NI	NI	NI	NI	NI	NI	NI	NI	NI	NI	NI	NI	NI	NI	NI	(0.0, 5.0, 4.0)
58901	2015-10-27 13:25:10	47.0	5639e71ed1d1c5608b000000	Open internet access	Am 9=20=	"['2.40 Free movement of services, freedom to provide', '3.30.03.04 Telecommunication networks', '3.30.05 Electronic and mobile communications, personal communications', '3.30.06 Information and communication technologies', '3.30.20 Trans-European communications networks', '3.30.25 International information networks and society, internet', ""4.60.06 Consumers' economic and legal interests""]"	ITRE	COD - Ordinary legislative procedure (ex-codecision procedure)	Legislation	NI	NI	NI	NI	NI	NI	NI	NI	NI	NI	NI	NI	NI	NI	NI	NI	NI	NI	(1.0, 3.0, 5.0)
58900	2015-10-27 13:24:53	47.0	5639e71ed1d1c5608b000000	Open internet access	Am 8=19=	"['2.40 Free movement of services, freedom to provide', '3.30.03.04 Telecommunication networks', '3.30.05 Electronic and mobile communications, personal communications', '3.30.06 Information and communication technologies', '3.30.20 Trans-European communications networks', '3.30.25 International information networks and society, internet', ""4.60.06 Consumers' economic and legal interests""]"	ITRE	COD - Ordinary legislative procedure (ex-codecision procedure)	Legislation	NI	NI	NI	NI	NI	NI	NI	NI	NI	NI	NI	NI	NI	NI	NI	NI	NI	NI	(1.0, 3.0, 5.0)
58903	2015-10-27 13:25:43	47.0	5639e71ed1d1c5608b000000	Open internet access	Am 11=22	"['2.40 Free movement of services, freedom to provide', '3.30.03.04 Telecommunication networks', '3.30.05 Electronic and mobile communications, personal communications', '3.30.06 Information and communication technologies', '3.30.20 Trans-European communications networks', '3.30.25 International information networks and society, internet', ""4.60.06 Consumers' economic and legal interests""]"	ITRE	COD - Ordinary legislative procedure (ex-codecision procedure)	Legislation	NI	NI	NI	NI	NI	NI	NI	NI	NI	NI	NI	NI	NI	NI	NI	NI	NI	NI	(0.0, 3.0, 6.0)
58902	2015-10-27 13:25:26	47.0	5639e71ed1d1c5608b000000	Open internet access	Am 10=21	"['2.40 Free movement of services, freedom to provide', '3.30.03.04 Telecommunication networks', '3.30.05 Electronic and mobile communications, personal communications', '3.30.06 Information and communication technologies', '3.30.20 Trans-European communications networks', '3.30.25 International information networks and society, internet', ""4.60.06 Consumers' economic and legal interests""]"	ITRE	COD - Ordinary legislative procedure (ex-codecision procedure)	Legislation	NI	NI	NI	NI	NI	NI	NI	NI	NI	NI	NI	NI	NI	NI	NI	NI	NI	NI	(1.0, 3.0, 5.0)
58905	2015-10-27 13:26:15	47.0	5639e71ed1d1c5608b000000	Open internet access	Am 13=24	"['2.40 Free movement of services, freedom to provide', '3.30.03.04 Telecommunication networks', '3.30.05 Electronic and mobile communications, personal communications', '3.30.06 Information and communication technologies', '3.30.20 Trans-European communications networks', '3.30.25 International information networks and society, internet', ""4.60.06 Consumers' economic and legal interests""]"	ITRE	COD - Ordinary legislative procedure (ex-codecision procedure)	Legislation	NI	NI	NI	NI	NI	NI	NI	NI	NI	NI	NI	NI	NI	NI	NI	NI	NI	NI	(0.0, 3.0, 6.0)
58904	2015-10-27 13:25:59	47.0	5639e71ed1d1c5608b000000	Open internet access	Am 12=23	"['2.40 Free movement of services, freedom to provide', '3.30.03.04 Telecommunication networks', '3.30.05 Electronic and mobile communications, personal communications', '3.30.06 Information and communication technologies', '3.30.20 Trans-European communications networks', '3.30.25 International information networks and society, internet', ""4.60.06 Consumers' economic and legal interests""]"	ITRE	COD - Ordinary legislative procedure (ex-codecision procedure)	Legislation	NI	NI	NI	NI	NI	NI	NI	NI	NI	NI	NI	NI	NI	NI	NI	NI	NI	NI	(3.0, 3.0, 3.0)
58907	2015-10-27 13:26:46	47.0	5639e71ed1d1c5608b000000	Open internet access	Am 3=14=	"['2.40 Free movement of services, freedom to provide', '3.30.03.04 Telecommunication networks', '3.30.05 Electronic and mobile communications, personal communications', '3.30.06 Information and communication technologies', '3.30.20 Trans-European communications networks', '3.30.25 International information networks and society, internet', ""4.60.06 Consumers' economic and legal interests""]"	ITRE	COD - Ordinary legislative procedure (ex-codecision procedure)	Legislation	NI	NI	NI	NI	NI	NI	NI	NI	NI	NI	NI	NI	NI	NI	NI	NI	NI	NI	(3.0, 3.0, 3.0)
58906	2015-10-27 13:26:29	47.0	5639e71ed1d1c5608b000000	Open internet access	Am 2	"['2.40 Free movement of services, freedom to provide', '3.30.03.04 Telecommunication networks', '3.30.05 Electronic and mobile communications, personal communications', '3.30.06 Information and communication technologies', '3.30.20 Trans-European communications networks', '3.30.25 International information networks and society, internet', ""4.60.06 Consumers' economic and legal interests""]"	ITRE	COD - Ordinary legislative procedure (ex-codecision procedure)	Legislation	NI	NI	NI	NI	NI	NI	NI	NI	NI	NI	NI	NI	NI	NI	NI	NI	NI	NI	(1.0, 3.0, 5.0)
58910	2015-10-27 13:27:34	47.0	5639e71ed1d1c5608b000000	Open internet access	Am 6=17=	"['2.40 Free movement of services, freedom to provide', '3.30.03.04 Telecommunication networks', '3.30.05 Electronic and mobile communications, personal communications', '3.30.06 Information and communication technologies', '3.30.20 Trans-European communications networks', '3.30.25 International information networks and society, internet', ""4.60.06 Consumers' economic and legal interests""]"	ITRE	COD - Ordinary legislative procedure (ex-codecision procedure)	Legislation	NI	NI	NI	NI	NI	NI	NI	NI	NI	NI	NI	NI	NI	NI	NI	NI	NI	NI	(0.0, 4.0, 5.0)
58909	2015-10-27 13:27:16	47.0	5639e71ed1d1c5608b000000	Open internet access	Am 5=16=	"['2.40 Free movement of services, freedom to provide', '3.30.03.04 Telecommunication networks', '3.30.05 Electronic and mobile communications, personal communications', '3.30.06 Information and communication technologies', '3.30.20 Trans-European communications networks', '3.30.25 International information networks and society, internet', ""4.60.06 Consumers' economic and legal interests""]"	ITRE	COD - Ordinary legislative procedure (ex-codecision procedure)	Legislation	Verts/ALE	Verts/ALE	Verts/ALE	Verts/ALE	Verts/ALE	Verts/ALE	Verts/ALE	Verts/ALE	Verts/ALE	Verts/ALE	Verts/ALE	Verts/ALE	Verts/ALE	Verts/ALE	Verts/ALE	Verts/ALE	Verts/ALE	Verts/ALE	(0.0, 0.0, 40.0)
58908	2015-10-27 13:27:02	47.0	5639e71ed1d1c5608b000000	Open internet access	Am 4=15=	"['2.40 Free movement of services, freedom to provide', '3.30.03.04 Telecommunication networks', '3.30.05 Electronic and mobile communications, personal communications', '3.30.06 Information and communication technologies', '3.30.20 Trans-European communications networks', '3.30.25 International information networks and society, internet', ""4.60.06 Consumers' economic and legal interests""]"	ITRE	COD - Ordinary legislative procedure (ex-codecision procedure)	Legislation	Verts/ALE	Verts/ALE	Verts/ALE	Verts/ALE	Verts/ALE	Verts/ALE	Verts/ALE	Verts/ALE	Verts/ALE	Verts/ALE	Verts/ALE	Verts/ALE	Verts/ALE	Verts/ALE	Verts/ALE	Verts/ALE	Verts/ALE	Verts/ALE	(0.0, 0.0, 40.0)
58911	2015-10-27 13:27:54	47.0	5639e71ed1d1c5608b000000	Open internet access	Am 7rev=18rev	"['2.40 Free movement of services, freedom to provide', '3.30.03.04 Telecommunication networks', '3.30.05 Electronic and mobile communications, personal communications', '3.30.06 Information and communication technologies', '3.30.20 Trans-European communications networks', '3.30.25 International information networks and society, internet', ""4.60.06 Consumers' economic and legal interests""]"	ITRE	COD - Ordinary legislative procedure (ex-codecision procedure)	Legislation	Verts/ALE	Verts/ALE	Verts/ALE	Verts/ALE	Verts/ALE	Verts/ALE	Verts/ALE	Verts/ALE	Verts/ALE	Verts/ALE	Verts/ALE	Verts/ALE	Verts/ALE	Verts/ALE	Verts/ALE	Verts/ALE	Verts/ALE	Verts/ALE	(0.0, 0.0, 36.0)
58899	2015-10-27 13:24:31	47.0	5639e71ed1d1c5608b000000	Open internet access	Am 1	"['2.40 Free movement of services, freedom to provide', '3.30.03.04 Telecommunication networks', '3.30.05 Electronic and mobile communications, personal communications', '3.30.06 Information and communication technologies', '3.30.20 Trans-European communications networks', '3.30.25 International information networks and society, internet', ""4.60.06 Consumers' economic and legal interests""]"	ITRE	COD - Ordinary legislative procedure (ex-codecision procedure)	Legislation	Verts/ALE	Verts/ALE	Verts/ALE	Verts/ALE	Verts/ALE	Verts/ALE	Verts/ALE	Verts/ALE	Verts/ALE	Verts/ALE	Verts/ALE	Verts/ALE	Verts/ALE	Verts/ALE	Verts/ALE	Verts/ALE	Verts/ALE	Verts/ALE	(1.0, 0.0, 39.0)
58901	2015-10-27 13:25:10	47.0	5639e71ed1d1c5608b000000	Open internet access	Am 9=20=	"['2.40 Free movement of services, freedom to provide', '3.30.03.04 Telecommunication networks', '3.30.05 Electronic and mobile communications, personal communications', '3.30.06 Information and communication technologies', '3.30.20 Trans-European communications networks', '3.30.25 International information networks and society, internet', ""4.60.06 Consumers' economic and legal interests""]"	ITRE	COD - Ordinary legislative procedure (ex-codecision procedure)	Legislation	Verts/ALE	Verts/ALE	Verts/ALE	Verts/ALE	Verts/ALE	Verts/ALE	Verts/ALE	Verts/ALE	Verts/ALE	Verts/ALE	Verts/ALE	Verts/ALE	Verts/ALE	Verts/ALE	Verts/ALE	Verts/ALE	Verts/ALE	Verts/ALE	(0.0, 0.0, 40.0)
58900	2015-10-27 13:24:53	47.0	5639e71ed1d1c5608b000000	Open internet access	Am 8=19=	"['2.40 Free movement of services, freedom to provide', '3.30.03.04 Telecommunication networks', '3.30.05 Electronic and mobile communications, personal communications', '3.30.06 Information and communication technologies', '3.30.20 Trans-European communications networks', '3.30.25 International information networks and society, internet', ""4.60.06 Consumers' economic and legal interests""]"	ITRE	COD - Ordinary legislative procedure (ex-codecision procedure)	Legislation	Verts/ALE	Verts/ALE	Verts/ALE	Verts/ALE	Verts/ALE	Verts/ALE	Verts/ALE	Verts/ALE	Verts/ALE	Verts/ALE	Verts/ALE	Verts/ALE	Verts/ALE	Verts/ALE	Verts/ALE	Verts/ALE	Verts/ALE	Verts/ALE	(0.0, 0.0, 40.0)
58903	2015-10-27 13:25:43	47.0	5639e71ed1d1c5608b000000	Open internet access	Am 11=22	"['2.40 Free movement of services, freedom to provide', '3.30.03.04 Telecommunication networks', '3.30.05 Electronic and mobile communications, personal communications', '3.30.06 Information and communication technologies', '3.30.20 Trans-European communications networks', '3.30.25 International information networks and society, internet', ""4.60.06 Consumers' economic and legal interests""]"	ITRE	COD - Ordinary legislative procedure (ex-codecision procedure)	Legislation	Verts/ALE	Verts/ALE	Verts/ALE	Verts/ALE	Verts/ALE	Verts/ALE	Verts/ALE	Verts/ALE	Verts/ALE	Verts/ALE	Verts/ALE	Verts/ALE	Verts/ALE	Verts/ALE	Verts/ALE	Verts/ALE	Verts/ALE	Verts/ALE	(0.0, 0.0, 40.0)
58902	2015-10-27 13:25:26	47.0	5639e71ed1d1c5608b000000	Open internet access	Am 10=21	"['2.40 Free movement of services, freedom to provide', '3.30.03.04 Telecommunication networks', '3.30.05 Electronic and mobile communications, personal communications', '3.30.06 Information and communication technologies', '3.30.20 Trans-European communications networks', '3.30.25 International information networks and society, internet', ""4.60.06 Consumers' economic and legal interests""]"	ITRE	COD - Ordinary legislative procedure (ex-codecision procedure)	Legislation	Verts/ALE	Verts/ALE	Verts/ALE	Verts/ALE	Verts/ALE	Verts/ALE	Verts/ALE	Verts/ALE	Verts/ALE	Verts/ALE	Verts/ALE	Verts/ALE	Verts/ALE	Verts/ALE	Verts/ALE	Verts/ALE	Verts/ALE	Verts/ALE	(0.0, 0.0, 40.0)
58905	2015-10-27 13:26:15	47.0	5639e71ed1d1c5608b000000	Open internet access	Am 13=24	"['2.40 Free movement of services, freedom to provide', '3.30.03.04 Telecommunication networks', '3.30.05 Electronic and mobile communications, personal communications', '3.30.06 Information and communication technologies', '3.30.20 Trans-European communications networks', '3.30.25 International information networks and society, internet', ""4.60.06 Consumers' economic and legal interests""]"	ITRE	COD - Ordinary legislative procedure (ex-codecision procedure)	Legislation	Verts/ALE	Verts/ALE	Verts/ALE	Verts/ALE	Verts/ALE	Verts/ALE	Verts/ALE	Verts/ALE	Verts/ALE	Verts/ALE	Verts/ALE	Verts/ALE	Verts/ALE	Verts/ALE	Verts/ALE	Verts/ALE	Verts/ALE	Verts/ALE	(0.0, 0.0, 39.0)
58904	2015-10-27 13:25:59	47.0	5639e71ed1d1c5608b000000	Open internet access	Am 12=23	"['2.40 Free movement of services, freedom to provide', '3.30.03.04 Telecommunication networks', '3.30.05 Electronic and mobile communications, personal communications', '3.30.06 Information and communication technologies', '3.30.20 Trans-European communications networks', '3.30.25 International information networks and society, internet', ""4.60.06 Consumers' economic and legal interests""]"	ITRE	COD - Ordinary legislative procedure (ex-codecision procedure)	Legislation	Verts/ALE	Verts/ALE	Verts/ALE	Verts/ALE	Verts/ALE	Verts/ALE	Verts/ALE	Verts/ALE	Verts/ALE	Verts/ALE	Verts/ALE	Verts/ALE	Verts/ALE	Verts/ALE	Verts/ALE	Verts/ALE	Verts/ALE	Verts/ALE	(0.0, 0.0, 39.0)
58907	2015-10-27 13:26:46	47.0	5639e71ed1d1c5608b000000	Open internet access	Am 3=14=	"['2.40 Free movement of services, freedom to provide', '3.30.03.04 Telecommunication networks', '3.30.05 Electronic and mobile communications, personal communications', '3.30.06 Information and communication technologies', '3.30.20 Trans-European communications networks', '3.30.25 International information networks and society, internet', ""4.60.06 Consumers' economic and legal interests""]"	ITRE	COD - Ordinary legislative procedure (ex-codecision procedure)	Legislation	Verts/ALE	Verts/ALE	Verts/ALE	Verts/ALE	Verts/ALE	Verts/ALE	Verts/ALE	Verts/ALE	Verts/ALE	Verts/ALE	Verts/ALE	Verts/ALE	Verts/ALE	Verts/ALE	Verts/ALE	Verts/ALE	Verts/ALE	Verts/ALE	(0.0, 0.0, 40.0)
58906	2015-10-27 13:26:29	47.0	5639e71ed1d1c5608b000000	Open internet access	Am 2	"['2.40 Free movement of services, freedom to provide', '3.30.03.04 Telecommunication networks', '3.30.05 Electronic and mobile communications, personal communications', '3.30.06 Information and communication technologies', '3.30.20 Trans-European communications networks', '3.30.25 International information networks and society, internet', ""4.60.06 Consumers' economic and legal interests""]"	ITRE	COD - Ordinary legislative procedure (ex-codecision procedure)	Legislation	Verts/ALE	Verts/ALE	Verts/ALE	Verts/ALE	Verts/ALE	Verts/ALE	Verts/ALE	Verts/ALE	Verts/ALE	Verts/ALE	Verts/ALE	Verts/ALE	Verts/ALE	Verts/ALE	Verts/ALE	Verts/ALE	Verts/ALE	Verts/ALE	(0.0, 0.0, 39.0)
58910	2015-10-27 13:27:34	47.0	5639e71ed1d1c5608b000000	Open internet access	Am 6=17=	"['2.40 Free movement of services, freedom to provide', '3.30.03.04 Telecommunication networks', '3.30.05 Electronic and mobile communications, personal communications', '3.30.06 Information and communication technologies', '3.30.20 Trans-European communications networks', '3.30.25 International information networks and society, internet', ""4.60.06 Consumers' economic and legal interests""]"	ITRE	COD - Ordinary legislative procedure (ex-codecision procedure)	Legislation	Verts/ALE	Verts/ALE	Verts/ALE	Verts/ALE	Verts/ALE	Verts/ALE	Verts/ALE	Verts/ALE	Verts/ALE	Verts/ALE	Verts/ALE	Verts/ALE	Verts/ALE	Verts/ALE	Verts/ALE	Verts/ALE	Verts/ALE	Verts/ALE	(0.0, 0.0, 40.0)
58909	2015-10-27 13:27:16	47.0	5639e71ed1d1c5608b000000	Open internet access	Am 5=16=	"['2.40 Free movement of services, freedom to provide', '3.30.03.04 Telecommunication networks', '3.30.05 Electronic and mobile communications, personal communications', '3.30.06 Information and communication technologies', '3.30.20 Trans-European communications networks', '3.30.25 International information networks and society, internet', ""4.60.06 Consumers' economic and legal interests""]"	ITRE	COD - Ordinary legislative procedure (ex-codecision procedure)	Legislation	ENF	ENF	ENF	ENF	ENF	ENF	ENF	ENF	ENF	ENF	ENF	ENF	ENF	ENF	ENF	ENF	ENF	ENF	(0.0, 28.0, 7.0)
58908	2015-10-27 13:27:02	47.0	5639e71ed1d1c5608b000000	Open internet access	Am 4=15=	"['2.40 Free movement of services, freedom to provide', '3.30.03.04 Telecommunication networks', '3.30.05 Electronic and mobile communications, personal communications', '3.30.06 Information and communication technologies', '3.30.20 Trans-European communications networks', '3.30.25 International information networks and society, internet', ""4.60.06 Consumers' economic and legal interests""]"	ITRE	COD - Ordinary legislative procedure (ex-codecision procedure)	Legislation	ENF	ENF	ENF	ENF	ENF	ENF	ENF	ENF	ENF	ENF	ENF	ENF	ENF	ENF	ENF	ENF	ENF	ENF	(0.0, 8.0, 26.0)
58911	2015-10-27 13:27:54	47.0	5639e71ed1d1c5608b000000	Open internet access	Am 7rev=18rev	"['2.40 Free movement of services, freedom to provide', '3.30.03.04 Telecommunication networks', '3.30.05 Electronic and mobile communications, personal communications', '3.30.06 Information and communication technologies', '3.30.20 Trans-European communications networks', '3.30.25 International information networks and society, internet', ""4.60.06 Consumers' economic and legal interests""]"	ITRE	COD - Ordinary legislative procedure (ex-codecision procedure)	Legislation	ENF	ENF	ENF	ENF	ENF	ENF	ENF	ENF	ENF	ENF	ENF	ENF	ENF	ENF	ENF	ENF	ENF	ENF	(5.0, 4.0, 23.0)
58899	2015-10-27 13:24:31	47.0	5639e71ed1d1c5608b000000	Open internet access	Am 1	"['2.40 Free movement of services, freedom to provide', '3.30.03.04 Telecommunication networks', '3.30.05 Electronic and mobile communications, personal communications', '3.30.06 Information and communication technologies', '3.30.20 Trans-European communications networks', '3.30.25 International information networks and society, internet', ""4.60.06 Consumers' economic and legal interests""]"	ITRE	COD - Ordinary legislative procedure (ex-codecision procedure)	Legislation	ENF	ENF	ENF	ENF	ENF	ENF	ENF	ENF	ENF	ENF	ENF	ENF	ENF	ENF	ENF	ENF	ENF	ENF	(4.0, 25.0, 6.0)
58901	2015-10-27 13:25:10	47.0	5639e71ed1d1c5608b000000	Open internet access	Am 9=20=	"['2.40 Free movement of services, freedom to provide', '3.30.03.04 Telecommunication networks', '3.30.05 Electronic and mobile communications, personal communications', '3.30.06 Information and communication technologies', '3.30.20 Trans-European communications networks', '3.30.25 International information networks and society, internet', ""4.60.06 Consumers' economic and legal interests""]"	ITRE	COD - Ordinary legislative procedure (ex-codecision procedure)	Legislation	ENF	ENF	ENF	ENF	ENF	ENF	ENF	ENF	ENF	ENF	ENF	ENF	ENF	ENF	ENF	ENF	ENF	ENF	(9.0, 0.0, 26.0)
58900	2015-10-27 13:24:53	47.0	5639e71ed1d1c5608b000000	Open internet access	Am 8=19=	"['2.40 Free movement of services, freedom to provide', '3.30.03.04 Telecommunication networks', '3.30.05 Electronic and mobile communications, personal communications', '3.30.06 Information and communication technologies', '3.30.20 Trans-European communications networks', '3.30.25 International information networks and society, internet', ""4.60.06 Consumers' economic and legal interests""]"	ITRE	COD - Ordinary legislative procedure (ex-codecision procedure)	Legislation	ENF	ENF	ENF	ENF	ENF	ENF	ENF	ENF	ENF	ENF	ENF	ENF	ENF	ENF	ENF	ENF	ENF	ENF	(5.0, 1.0, 29.0)
58903	2015-10-27 13:25:43	47.0	5639e71ed1d1c5608b000000	Open internet access	Am 11=22	"['2.40 Free movement of services, freedom to provide', '3.30.03.04 Telecommunication networks', '3.30.05 Electronic and mobile communications, personal communications', '3.30.06 Information and communication technologies', '3.30.20 Trans-European communications networks', '3.30.25 International information networks and society, internet', ""4.60.06 Consumers' economic and legal interests""]"	ITRE	COD - Ordinary legislative procedure (ex-codecision procedure)	Legislation	ENF	ENF	ENF	ENF	ENF	ENF	ENF	ENF	ENF	ENF	ENF	ENF	ENF	ENF	ENF	ENF	ENF	ENF	(0.0, 9.0, 26.0)
58902	2015-10-27 13:25:26	47.0	5639e71ed1d1c5608b000000	Open internet access	Am 10=21	"['2.40 Free movement of services, freedom to provide', '3.30.03.04 Telecommunication networks', '3.30.05 Electronic and mobile communications, personal communications', '3.30.06 Information and communication technologies', '3.30.20 Trans-European communications networks', '3.30.25 International information networks and society, internet', ""4.60.06 Consumers' economic and legal interests""]"	ITRE	COD - Ordinary legislative procedure (ex-codecision procedure)	Legislation	ENF	ENF	ENF	ENF	ENF	ENF	ENF	ENF	ENF	ENF	ENF	ENF	ENF	ENF	ENF	ENF	ENF	ENF	(0.0, 4.0, 30.0)
58905	2015-10-27 13:26:15	47.0	5639e71ed1d1c5608b000000	Open internet access	Am 13=24	"['2.40 Free movement of services, freedom to provide', '3.30.03.04 Telecommunication networks', '3.30.05 Electronic and mobile communications, personal communications', '3.30.06 Information and communication technologies', '3.30.20 Trans-European communications networks', '3.30.25 International information networks and society, internet', ""4.60.06 Consumers' economic and legal interests""]"	ITRE	COD - Ordinary legislative procedure (ex-codecision procedure)	Legislation	ENF	ENF	ENF	ENF	ENF	ENF	ENF	ENF	ENF	ENF	ENF	ENF	ENF	ENF	ENF	ENF	ENF	ENF	(0.0, 9.0, 26.0)
58904	2015-10-27 13:25:59	47.0	5639e71ed1d1c5608b000000	Open internet access	Am 12=23	"['2.40 Free movement of services, freedom to provide', '3.30.03.04 Telecommunication networks', '3.30.05 Electronic and mobile communications, personal communications', '3.30.06 Information and communication technologies', '3.30.20 Trans-European communications networks', '3.30.25 International information networks and society, internet', ""4.60.06 Consumers' economic and legal interests""]"	ITRE	COD - Ordinary legislative procedure (ex-codecision procedure)	Legislation	ENF	ENF	ENF	ENF	ENF	ENF	ENF	ENF	ENF	ENF	ENF	ENF	ENF	ENF	ENF	ENF	ENF	ENF	(0.0, 28.0, 7.0)
58907	2015-10-27 13:26:46	47.0	5639e71ed1d1c5608b000000	Open internet access	Am 3=14=	"['2.40 Free movement of services, freedom to provide', '3.30.03.04 Telecommunication networks', '3.30.05 Electronic and mobile communications, personal communications', '3.30.06 Information and communication technologies', '3.30.20 Trans-European communications networks', '3.30.25 International information networks and society, internet', ""4.60.06 Consumers' economic and legal interests""]"	ITRE	COD - Ordinary legislative procedure (ex-codecision procedure)	Legislation	ENF	ENF	ENF	ENF	ENF	ENF	ENF	ENF	ENF	ENF	ENF	ENF	ENF	ENF	ENF	ENF	ENF	ENF	(5.0, 4.0, 26.0)
58906	2015-10-27 13:26:29	47.0	5639e71ed1d1c5608b000000	Open internet access	Am 2	"['2.40 Free movement of services, freedom to provide', '3.30.03.04 Telecommunication networks', '3.30.05 Electronic and mobile communications, personal communications', '3.30.06 Information and communication technologies', '3.30.20 Trans-European communications networks', '3.30.25 International information networks and society, internet', ""4.60.06 Consumers' economic and legal interests""]"	ITRE	COD - Ordinary legislative procedure (ex-codecision procedure)	Legislation	ENF	ENF	ENF	ENF	ENF	ENF	ENF	ENF	ENF	ENF	ENF	ENF	ENF	ENF	ENF	ENF	ENF	ENF	(5.0, 3.0, 26.0)
58910	2015-10-27 13:27:34	47.0	5639e71ed1d1c5608b000000	Open internet access	Am 6=17=	"['2.40 Free movement of services, freedom to provide', '3.30.03.04 Telecommunication networks', '3.30.05 Electronic and mobile communications, personal communications', '3.30.06 Information and communication technologies', '3.30.20 Trans-European communications networks', '3.30.25 International information networks and society, internet', ""4.60.06 Consumers' economic and legal interests""]"	ITRE	COD - Ordinary legislative procedure (ex-codecision procedure)	Legislation	ENF	ENF	ENF	ENF	ENF	ENF	ENF	ENF	ENF	ENF	ENF	ENF	ENF	ENF	ENF	ENF	ENF	ENF	(0.0, 9.0, 25.0)
58909	2015-10-27 13:27:16	47.0	5639e71ed1d1c5608b000000	Open internet access	Am 5=16=	"['2.40 Free movement of services, freedom to provide', '3.30.03.04 Telecommunication networks', '3.30.05 Electronic and mobile communications, personal communications', '3.30.06 Information and communication technologies', '3.30.20 Trans-European communications networks', '3.30.25 International information networks and society, internet', ""4.60.06 Consumers' economic and legal interests""]"	ITRE	COD - Ordinary legislative procedure (ex-codecision procedure)	Legislation	PPE	PPE	PPE	PPE	PPE	PPE	PPE	PPE	PPE	PPE	PPE	PPE	PPE	PPE	PPE	PPE	PPE	PPE	(0.0, 159.0, 5.0)
58908	2015-10-27 13:27:02	47.0	5639e71ed1d1c5608b000000	Open internet access	Am 4=15=	"['2.40 Free movement of services, freedom to provide', '3.30.03.04 Telecommunication networks', '3.30.05 Electronic and mobile communications, personal communications', '3.30.06 Information and communication technologies', '3.30.20 Trans-European communications networks', '3.30.25 International information networks and society, internet', ""4.60.06 Consumers' economic and legal interests""]"	ITRE	COD - Ordinary legislative procedure (ex-codecision procedure)	Legislation	PPE	PPE	PPE	PPE	PPE	PPE	PPE	PPE	PPE	PPE	PPE	PPE	PPE	PPE	PPE	PPE	PPE	PPE	(0.0, 158.0, 5.0)
58911	2015-10-27 13:27:54	47.0	5639e71ed1d1c5608b000000	Open internet access	Am 7rev=18rev	"['2.40 Free movement of services, freedom to provide', '3.30.03.04 Telecommunication networks', '3.30.05 Electronic and mobile communications, personal communications', '3.30.06 Information and communication technologies', '3.30.20 Trans-European communications networks', '3.30.25 International information networks and society, internet', ""4.60.06 Consumers' economic and legal interests""]"	ITRE	COD - Ordinary legislative procedure (ex-codecision procedure)	Legislation	PPE	PPE	PPE	PPE	PPE	PPE	PPE	PPE	PPE	PPE	PPE	PPE	PPE	PPE	PPE	PPE	PPE	PPE	(0.0, 154.0, 5.0)
58899	2015-10-27 13:24:31	47.0	5639e71ed1d1c5608b000000	Open internet access	Am 1	"['2.40 Free movement of services, freedom to provide', '3.30.03.04 Telecommunication networks', '3.30.05 Electronic and mobile communications, personal communications', '3.30.06 Information and communication technologies', '3.30.20 Trans-European communications networks', '3.30.25 International information networks and society, internet', ""4.60.06 Consumers' economic and legal interests""]"	ITRE	COD - Ordinary legislative procedure (ex-codecision procedure)	Legislation	PPE	PPE	PPE	PPE	PPE	PPE	PPE	PPE	PPE	PPE	PPE	PPE	PPE	PPE	PPE	PPE	PPE	PPE	(0.0, 161.0, 4.0)
58901	2015-10-27 13:25:10	47.0	5639e71ed1d1c5608b000000	Open internet access	Am 9=20=	"['2.40 Free movement of services, freedom to provide', '3.30.03.04 Telecommunication networks', '3.30.05 Electronic and mobile communications, personal communications', '3.30.06 Information and communication technologies', '3.30.20 Trans-European communications networks', '3.30.25 International information networks and society, internet', ""4.60.06 Consumers' economic and legal interests""]"	ITRE	COD - Ordinary legislative procedure (ex-codecision procedure)	Legislation	PPE	PPE	PPE	PPE	PPE	PPE	PPE	PPE	PPE	PPE	PPE	PPE	PPE	PPE	PPE	PPE	PPE	PPE	(0.0, 154.0, 10.0)
58900	2015-10-27 13:24:53	47.0	5639e71ed1d1c5608b000000	Open internet access	Am 8=19=	"['2.40 Free movement of services, freedom to provide', '3.30.03.04 Telecommunication networks', '3.30.05 Electronic and mobile communications, personal communications', '3.30.06 Information and communication technologies', '3.30.20 Trans-European communications networks', '3.30.25 International information networks and society, internet', ""4.60.06 Consumers' economic and legal interests""]"	ITRE	COD - Ordinary legislative procedure (ex-codecision procedure)	Legislation	PPE	PPE	PPE	PPE	PPE	PPE	PPE	PPE	PPE	PPE	PPE	PPE	PPE	PPE	PPE	PPE	PPE	PPE	(0.0, 158.0, 7.0)
58903	2015-10-27 13:25:43	47.0	5639e71ed1d1c5608b000000	Open internet access	Am 11=22	"['2.40 Free movement of services, freedom to provide', '3.30.03.04 Telecommunication networks', '3.30.05 Electronic and mobile communications, personal communications', '3.30.06 Information and communication technologies', '3.30.20 Trans-European communications networks', '3.30.25 International information networks and society, internet', ""4.60.06 Consumers' economic and legal interests""]"	ITRE	COD - Ordinary legislative procedure (ex-codecision procedure)	Legislation	PPE	PPE	PPE	PPE	PPE	PPE	PPE	PPE	PPE	PPE	PPE	PPE	PPE	PPE	PPE	PPE	PPE	PPE	(0.0, 159.0, 5.0)
58902	2015-10-27 13:25:26	47.0	5639e71ed1d1c5608b000000	Open internet access	Am 10=21	"['2.40 Free movement of services, freedom to provide', '3.30.03.04 Telecommunication networks', '3.30.05 Electronic and mobile communications, personal communications', '3.30.06 Information and communication technologies', '3.30.20 Trans-European communications networks', '3.30.25 International information networks and society, internet', ""4.60.06 Consumers' economic and legal interests""]"	ITRE	COD - Ordinary legislative procedure (ex-codecision procedure)	Legislation	PPE	PPE	PPE	PPE	PPE	PPE	PPE	PPE	PPE	PPE	PPE	PPE	PPE	PPE	PPE	PPE	PPE	PPE	(0.0, 156.0, 5.0)
58905	2015-10-27 13:26:15	47.0	5639e71ed1d1c5608b000000	Open internet access	Am 13=24	"['2.40 Free movement of services, freedom to provide', '3.30.03.04 Telecommunication networks', '3.30.05 Electronic and mobile communications, personal communications', '3.30.06 Information and communication technologies', '3.30.20 Trans-European communications networks', '3.30.25 International information networks and society, internet', ""4.60.06 Consumers' economic and legal interests""]"	ITRE	COD - Ordinary legislative procedure (ex-codecision procedure)	Legislation	PPE	PPE	PPE	PPE	PPE	PPE	PPE	PPE	PPE	PPE	PPE	PPE	PPE	PPE	PPE	PPE	PPE	PPE	(0.0, 159.0, 6.0)
58904	2015-10-27 13:25:59	47.0	5639e71ed1d1c5608b000000	Open internet access	Am 12=23	"['2.40 Free movement of services, freedom to provide', '3.30.03.04 Telecommunication networks', '3.30.05 Electronic and mobile communications, personal communications', '3.30.06 Information and communication technologies', '3.30.20 Trans-European communications networks', '3.30.25 International information networks and society, internet', ""4.60.06 Consumers' economic and legal interests""]"	ITRE	COD - Ordinary legislative procedure (ex-codecision procedure)	Legislation	PPE	PPE	PPE	PPE	PPE	PPE	PPE	PPE	PPE	PPE	PPE	PPE	PPE	PPE	PPE	PPE	PPE	PPE	(0.0, 159.0, 5.0)
58907	2015-10-27 13:26:46	47.0	5639e71ed1d1c5608b000000	Open internet access	Am 3=14=	"['2.40 Free movement of services, freedom to provide', '3.30.03.04 Telecommunication networks', '3.30.05 Electronic and mobile communications, personal communications', '3.30.06 Information and communication technologies', '3.30.20 Trans-European communications networks', '3.30.25 International information networks and society, internet', ""4.60.06 Consumers' economic and legal interests""]"	ITRE	COD - Ordinary legislative procedure (ex-codecision procedure)	Legislation	PPE	PPE	PPE	PPE	PPE	PPE	PPE	PPE	PPE	PPE	PPE	PPE	PPE	PPE	PPE	PPE	PPE	PPE	(0.0, 160.0, 5.0)
58906	2015-10-27 13:26:29	47.0	5639e71ed1d1c5608b000000	Open internet access	Am 2	"['2.40 Free movement of services, freedom to provide', '3.30.03.04 Telecommunication networks', '3.30.05 Electronic and mobile communications, personal communications', '3.30.06 Information and communication technologies', '3.30.20 Trans-European communications networks', '3.30.25 International information networks and society, internet', ""4.60.06 Consumers' economic and legal interests""]"	ITRE	COD - Ordinary legislative procedure (ex-codecision procedure)	Legislation	PPE	PPE	PPE	PPE	PPE	PPE	PPE	PPE	PPE	PPE	PPE	PPE	PPE	PPE	PPE	PPE	PPE	PPE	(0.0, 163.0, 1.0)
58910	2015-10-27 13:27:34	47.0	5639e71ed1d1c5608b000000	Open internet access	Am 6=17=	"['2.40 Free movement of services, freedom to provide', '3.30.03.04 Telecommunication networks', '3.30.05 Electronic and mobile communications, personal communications', '3.30.06 Information and communication technologies', '3.30.20 Trans-European communications networks', '3.30.25 International information networks and society, internet', ""4.60.06 Consumers' economic and legal interests""]"	ITRE	COD - Ordinary legislative procedure (ex-codecision procedure)	Legislation	PPE	PPE	PPE	PPE	PPE	PPE	PPE	PPE	PPE	PPE	PPE	PPE	PPE	PPE	PPE	PPE	PPE	PPE	(0.0, 159.0, 5.0)
58909	2015-10-27 13:27:16	47.0	5639e71ed1d1c5608b000000	Open internet access	Am 5=16=	"['2.40 Free movement of services, freedom to provide', '3.30.03.04 Telecommunication networks', '3.30.05 Electronic and mobile communications, personal communications', '3.30.06 Information and communication technologies', '3.30.20 Trans-European communications networks', '3.30.25 International information networks and society, internet', ""4.60.06 Consumers' economic and legal interests""]"	ITRE	COD - Ordinary legislative procedure (ex-codecision procedure)	Legislation	GUE/NGL	GUE/NGL	GUE/NGL	GUE/NGL	GUE/NGL	GUE/NGL	GUE/NGL	GUE/NGL	GUE/NGL	GUE/NGL	GUE/NGL	GUE/NGL	GUE/NGL	GUE/NGL	GUE/NGL	GUE/NGL	GUE/NGL	GUE/NGL	(0.0, 0.0, 40.0)
58908	2015-10-27 13:27:02	47.0	5639e71ed1d1c5608b000000	Open internet access	Am 4=15=	"['2.40 Free movement of services, freedom to provide', '3.30.03.04 Telecommunication networks', '3.30.05 Electronic and mobile communications, personal communications', '3.30.06 Information and communication technologies', '3.30.20 Trans-European communications networks', '3.30.25 International information networks and society, internet', ""4.60.06 Consumers' economic and legal interests""]"	ITRE	COD - Ordinary legislative procedure (ex-codecision procedure)	Legislation	GUE/NGL	GUE/NGL	GUE/NGL	GUE/NGL	GUE/NGL	GUE/NGL	GUE/NGL	GUE/NGL	GUE/NGL	GUE/NGL	GUE/NGL	GUE/NGL	GUE/NGL	GUE/NGL	GUE/NGL	GUE/NGL	GUE/NGL	GUE/NGL	(0.0, 0.0, 41.0)
58911	2015-10-27 13:27:54	47.0	5639e71ed1d1c5608b000000	Open internet access	Am 7rev=18rev	"['2.40 Free movement of services, freedom to provide', '3.30.03.04 Telecommunication networks', '3.30.05 Electronic and mobile communications, personal communications', '3.30.06 Information and communication technologies', '3.30.20 Trans-European communications networks', '3.30.25 International information networks and society, internet', ""4.60.06 Consumers' economic and legal interests""]"	ITRE	COD - Ordinary legislative procedure (ex-codecision procedure)	Legislation	GUE/NGL	GUE/NGL	GUE/NGL	GUE/NGL	GUE/NGL	GUE/NGL	GUE/NGL	GUE/NGL	GUE/NGL	GUE/NGL	GUE/NGL	GUE/NGL	GUE/NGL	GUE/NGL	GUE/NGL	GUE/NGL	GUE/NGL	GUE/NGL	(0.0, 0.0, 38.0)
58899	2015-10-27 13:24:31	47.0	5639e71ed1d1c5608b000000	Open internet access	Am 1	"['2.40 Free movement of services, freedom to provide', '3.30.03.04 Telecommunication networks', '3.30.05 Electronic and mobile communications, personal communications', '3.30.06 Information and communication technologies', '3.30.20 Trans-European communications networks', '3.30.25 International information networks and society, internet', ""4.60.06 Consumers' economic and legal interests""]"	ITRE	COD - Ordinary legislative procedure (ex-codecision procedure)	Legislation	GUE/NGL	GUE/NGL	GUE/NGL	GUE/NGL	GUE/NGL	GUE/NGL	GUE/NGL	GUE/NGL	GUE/NGL	GUE/NGL	GUE/NGL	GUE/NGL	GUE/NGL	GUE/NGL	GUE/NGL	GUE/NGL	GUE/NGL	GUE/NGL	(1.0, 0.0, 40.0)
58901	2015-10-27 13:25:10	47.0	5639e71ed1d1c5608b000000	Open internet access	Am 9=20=	"['2.40 Free movement of services, freedom to provide', '3.30.03.04 Telecommunication networks', '3.30.05 Electronic and mobile communications, personal communications', '3.30.06 Information and communication technologies', '3.30.20 Trans-European communications networks', '3.30.25 International information networks and society, internet', ""4.60.06 Consumers' economic and legal interests""]"	ITRE	COD - Ordinary legislative procedure (ex-codecision procedure)	Legislation	GUE/NGL	GUE/NGL	GUE/NGL	GUE/NGL	GUE/NGL	GUE/NGL	GUE/NGL	GUE/NGL	GUE/NGL	GUE/NGL	GUE/NGL	GUE/NGL	GUE/NGL	GUE/NGL	GUE/NGL	GUE/NGL	GUE/NGL	GUE/NGL	(0.0, 0.0, 41.0)
58900	2015-10-27 13:24:53	47.0	5639e71ed1d1c5608b000000	Open internet access	Am 8=19=	"['2.40 Free movement of services, freedom to provide', '3.30.03.04 Telecommunication networks', '3.30.05 Electronic and mobile communications, personal communications', '3.30.06 Information and communication technologies', '3.30.20 Trans-European communications networks', '3.30.25 International information networks and society, internet', ""4.60.06 Consumers' economic and legal interests""]"	ITRE	COD - Ordinary legislative procedure (ex-codecision procedure)	Legislation	GUE/NGL	GUE/NGL	GUE/NGL	GUE/NGL	GUE/NGL	GUE/NGL	GUE/NGL	GUE/NGL	GUE/NGL	GUE/NGL	GUE/NGL	GUE/NGL	GUE/NGL	GUE/NGL	GUE/NGL	GUE/NGL	GUE/NGL	GUE/NGL	(0.0, 0.0, 41.0)
58903	2015-10-27 13:25:43	47.0	5639e71ed1d1c5608b000000	Open internet access	Am 11=22	"['2.40 Free movement of services, freedom to provide', '3.30.03.04 Telecommunication networks', '3.30.05 Electronic and mobile communications, personal communications', '3.30.06 Information and communication technologies', '3.30.20 Trans-European communications networks', '3.30.25 International information networks and society, internet', ""4.60.06 Consumers' economic and legal interests""]"	ITRE	COD - Ordinary legislative procedure (ex-codecision procedure)	Legislation	GUE/NGL	GUE/NGL	GUE/NGL	GUE/NGL	GUE/NGL	GUE/NGL	GUE/NGL	GUE/NGL	GUE/NGL	GUE/NGL	GUE/NGL	GUE/NGL	GUE/NGL	GUE/NGL	GUE/NGL	GUE/NGL	GUE/NGL	GUE/NGL	(0.0, 0.0, 41.0)
58902	2015-10-27 13:25:26	47.0	5639e71ed1d1c5608b000000	Open internet access	Am 10=21	"['2.40 Free movement of services, freedom to provide', '3.30.03.04 Telecommunication networks', '3.30.05 Electronic and mobile communications, personal communications', '3.30.06 Information and communication technologies', '3.30.20 Trans-European communications networks', '3.30.25 International information networks and society, internet', ""4.60.06 Consumers' economic and legal interests""]"	ITRE	COD - Ordinary legislative procedure (ex-codecision procedure)	Legislation	GUE/NGL	GUE/NGL	GUE/NGL	GUE/NGL	GUE/NGL	GUE/NGL	GUE/NGL	GUE/NGL	GUE/NGL	GUE/NGL	GUE/NGL	GUE/NGL	GUE/NGL	GUE/NGL	GUE/NGL	GUE/NGL	GUE/NGL	GUE/NGL	(0.0, 0.0, 41.0)
58905	2015-10-27 13:26:15	47.0	5639e71ed1d1c5608b000000	Open internet access	Am 13=24	"['2.40 Free movement of services, freedom to provide', '3.30.03.04 Telecommunication networks', '3.30.05 Electronic and mobile communications, personal communications', '3.30.06 Information and communication technologies', '3.30.20 Trans-European communications networks', '3.30.25 International information networks and society, internet', ""4.60.06 Consumers' economic and legal interests""]"	ITRE	COD - Ordinary legislative procedure (ex-codecision procedure)	Legislation	GUE/NGL	GUE/NGL	GUE/NGL	GUE/NGL	GUE/NGL	GUE/NGL	GUE/NGL	GUE/NGL	GUE/NGL	GUE/NGL	GUE/NGL	GUE/NGL	GUE/NGL	GUE/NGL	GUE/NGL	GUE/NGL	GUE/NGL	GUE/NGL	(0.0, 0.0, 41.0)
58904	2015-10-27 13:25:59	47.0	5639e71ed1d1c5608b000000	Open internet access	Am 12=23	"['2.40 Free movement of services, freedom to provide', '3.30.03.04 Telecommunication networks', '3.30.05 Electronic and mobile communications, personal communications', '3.30.06 Information and communication technologies', '3.30.20 Trans-European communications networks', '3.30.25 International information networks and society, internet', ""4.60.06 Consumers' economic and legal interests""]"	ITRE	COD - Ordinary legislative procedure (ex-codecision procedure)	Legislation	GUE/NGL	GUE/NGL	GUE/NGL	GUE/NGL	GUE/NGL	GUE/NGL	GUE/NGL	GUE/NGL	GUE/NGL	GUE/NGL	GUE/NGL	GUE/NGL	GUE/NGL	GUE/NGL	GUE/NGL	GUE/NGL	GUE/NGL	GUE/NGL	(0.0, 0.0, 41.0)
58907	2015-10-27 13:26:46	47.0	5639e71ed1d1c5608b000000	Open internet access	Am 3=14=	"['2.40 Free movement of services, freedom to provide', '3.30.03.04 Telecommunication networks', '3.30.05 Electronic and mobile communications, personal communications', '3.30.06 Information and communication technologies', '3.30.20 Trans-European communications networks', '3.30.25 International information networks and society, internet', ""4.60.06 Consumers' economic and legal interests""]"	ITRE	COD - Ordinary legislative procedure (ex-codecision procedure)	Legislation	GUE/NGL	GUE/NGL	GUE/NGL	GUE/NGL	GUE/NGL	GUE/NGL	GUE/NGL	GUE/NGL	GUE/NGL	GUE/NGL	GUE/NGL	GUE/NGL	GUE/NGL	GUE/NGL	GUE/NGL	GUE/NGL	GUE/NGL	GUE/NGL	(0.0, 0.0, 41.0)
58906	2015-10-27 13:26:29	47.0	5639e71ed1d1c5608b000000	Open internet access	Am 2	"['2.40 Free movement of services, freedom to provide', '3.30.03.04 Telecommunication networks', '3.30.05 Electronic and mobile communications, personal communications', '3.30.06 Information and communication technologies', '3.30.20 Trans-European communications networks', '3.30.25 International information networks and society, internet', ""4.60.06 Consumers' economic and legal interests""]"	ITRE	COD - Ordinary legislative procedure (ex-codecision procedure)	Legislation	GUE/NGL	GUE/NGL	GUE/NGL	GUE/NGL	GUE/NGL	GUE/NGL	GUE/NGL	GUE/NGL	GUE/NGL	GUE/NGL	GUE/NGL	GUE/NGL	GUE/NGL	GUE/NGL	GUE/NGL	GUE/NGL	GUE/NGL	GUE/NGL	(0.0, 0.0, 41.0)
58910	2015-10-27 13:27:34	47.0	5639e71ed1d1c5608b000000	Open internet access	Am 6=17=	"['2.40 Free movement of services, freedom to provide', '3.30.03.04 Telecommunication networks', '3.30.05 Electronic and mobile communications, personal communications', '3.30.06 Information and communication technologies', '3.30.20 Trans-European communications networks', '3.30.25 International information networks and society, internet', ""4.60.06 Consumers' economic and legal interests""]"	ITRE	COD - Ordinary legislative procedure (ex-codecision procedure)	Legislation	GUE/NGL	GUE/NGL	GUE/NGL	GUE/NGL	GUE/NGL	GUE/NGL	GUE/NGL	GUE/NGL	GUE/NGL	GUE/NGL	GUE/NGL	GUE/NGL	GUE/NGL	GUE/NGL	GUE/NGL	GUE/NGL	GUE/NGL	GUE/NGL	(0.0, 0.0, 40.0)
58909	2015-10-27 13:27:16	47.0	5639e71ed1d1c5608b000000	Open internet access	Am 5=16=	"['2.40 Free movement of services, freedom to provide', '3.30.03.04 Telecommunication networks', '3.30.05 Electronic and mobile communications, personal communications', '3.30.06 Information and communication technologies', '3.30.20 Trans-European communications networks', '3.30.25 International information networks and society, internet', ""4.60.06 Consumers' economic and legal interests""]"	ITRE	COD - Ordinary legislative procedure (ex-codecision procedure)	Legislation	EFDD	EFDD	EFDD	EFDD	EFDD	EFDD	EFDD	EFDD	EFDD	EFDD	EFDD	EFDD	EFDD	EFDD	EFDD	EFDD	EFDD	EFDD	(2.0, 0.0, 20.0)
58908	2015-10-27 13:27:02	47.0	5639e71ed1d1c5608b000000	Open internet access	Am 4=15=	"['2.40 Free movement of services, freedom to provide', '3.30.03.04 Telecommunication networks', '3.30.05 Electronic and mobile communications, personal communications', '3.30.06 Information and communication technologies', '3.30.20 Trans-European communications networks', '3.30.25 International information networks and society, internet', ""4.60.06 Consumers' economic and legal interests""]"	ITRE	COD - Ordinary legislative procedure (ex-codecision procedure)	Legislation	EFDD	EFDD	EFDD	EFDD	EFDD	EFDD	EFDD	EFDD	EFDD	EFDD	EFDD	EFDD	EFDD	EFDD	EFDD	EFDD	EFDD	EFDD	(2.0, 0.0, 20.0)
58911	2015-10-27 13:27:54	47.0	5639e71ed1d1c5608b000000	Open internet access	Am 7rev=18rev	"['2.40 Free movement of services, freedom to provide', '3.30.03.04 Telecommunication networks', '3.30.05 Electronic and mobile communications, personal communications', '3.30.06 Information and communication technologies', '3.30.20 Trans-European communications networks', '3.30.25 International information networks and society, internet', ""4.60.06 Consumers' economic and legal interests""]"	ITRE	COD - Ordinary legislative procedure (ex-codecision procedure)	Legislation	EFDD	EFDD	EFDD	EFDD	EFDD	EFDD	EFDD	EFDD	EFDD	EFDD	EFDD	EFDD	EFDD	EFDD	EFDD	EFDD	EFDD	EFDD	(2.0, 0.0, 20.0)
58899	2015-10-27 13:24:31	47.0	5639e71ed1d1c5608b000000	Open internet access	Am 1	"['2.40 Free movement of services, freedom to provide', '3.30.03.04 Telecommunication networks', '3.30.05 Electronic and mobile communications, personal communications', '3.30.06 Information and communication technologies', '3.30.20 Trans-European communications networks', '3.30.25 International information networks and society, internet', ""4.60.06 Consumers' economic and legal interests""]"	ITRE	COD - Ordinary legislative procedure (ex-codecision procedure)	Legislation	EFDD	EFDD	EFDD	EFDD	EFDD	EFDD	EFDD	EFDD	EFDD	EFDD	EFDD	EFDD	EFDD	EFDD	EFDD	EFDD	EFDD	EFDD	(1.0, 1.0, 19.0)
58901	2015-10-27 13:25:10	47.0	5639e71ed1d1c5608b000000	Open internet access	Am 9=20=	"['2.40 Free movement of services, freedom to provide', '3.30.03.04 Telecommunication networks', '3.30.05 Electronic and mobile communications, personal communications', '3.30.06 Information and communication technologies', '3.30.20 Trans-European communications networks', '3.30.25 International information networks and society, internet', ""4.60.06 Consumers' economic and legal interests""]"	ITRE	COD - Ordinary legislative procedure (ex-codecision procedure)	Legislation	EFDD	EFDD	EFDD	EFDD	EFDD	EFDD	EFDD	EFDD	EFDD	EFDD	EFDD	EFDD	EFDD	EFDD	EFDD	EFDD	EFDD	EFDD	(0.0, 0.0, 22.0)
58900	2015-10-27 13:24:53	47.0	5639e71ed1d1c5608b000000	Open internet access	Am 8=19=	"['2.40 Free movement of services, freedom to provide', '3.30.03.04 Telecommunication networks', '3.30.05 Electronic and mobile communications, personal communications', '3.30.06 Information and communication technologies', '3.30.20 Trans-European communications networks', '3.30.25 International information networks and society, internet', ""4.60.06 Consumers' economic and legal interests""]"	ITRE	COD - Ordinary legislative procedure (ex-codecision procedure)	Legislation	EFDD	EFDD	EFDD	EFDD	EFDD	EFDD	EFDD	EFDD	EFDD	EFDD	EFDD	EFDD	EFDD	EFDD	EFDD	EFDD	EFDD	EFDD	(0.0, 0.0, 22.0)
58903	2015-10-27 13:25:43	47.0	5639e71ed1d1c5608b000000	Open internet access	Am 11=22	"['2.40 Free movement of services, freedom to provide', '3.30.03.04 Telecommunication networks', '3.30.05 Electronic and mobile communications, personal communications', '3.30.06 Information and communication technologies', '3.30.20 Trans-European communications networks', '3.30.25 International information networks and society, internet', ""4.60.06 Consumers' economic and legal interests""]"	ITRE	COD - Ordinary legislative procedure (ex-codecision procedure)	Legislation	EFDD	EFDD	EFDD	EFDD	EFDD	EFDD	EFDD	EFDD	EFDD	EFDD	EFDD	EFDD	EFDD	EFDD	EFDD	EFDD	EFDD	EFDD	(2.0, 1.0, 19.0)
58902	2015-10-27 13:25:26	47.0	5639e71ed1d1c5608b000000	Open internet access	Am 10=21	"['2.40 Free movement of services, freedom to provide', '3.30.03.04 Telecommunication networks', '3.30.05 Electronic and mobile communications, personal communications', '3.30.06 Information and communication technologies', '3.30.20 Trans-European communications networks', '3.30.25 International information networks and society, internet', ""4.60.06 Consumers' economic and legal interests""]"	ITRE	COD - Ordinary legislative procedure (ex-codecision procedure)	Legislation	EFDD	EFDD	EFDD	EFDD	EFDD	EFDD	EFDD	EFDD	EFDD	EFDD	EFDD	EFDD	EFDD	EFDD	EFDD	EFDD	EFDD	EFDD	(2.0, 0.0, 20.0)
58905	2015-10-27 13:26:15	47.0	5639e71ed1d1c5608b000000	Open internet access	Am 13=24	"['2.40 Free movement of services, freedom to provide', '3.30.03.04 Telecommunication networks', '3.30.05 Electronic and mobile communications, personal communications', '3.30.06 Information and communication technologies', '3.30.20 Trans-European communications networks', '3.30.25 International information networks and society, internet', ""4.60.06 Consumers' economic and legal interests""]"	ITRE	COD - Ordinary legislative procedure (ex-codecision procedure)	Legislation	EFDD	EFDD	EFDD	EFDD	EFDD	EFDD	EFDD	EFDD	EFDD	EFDD	EFDD	EFDD	EFDD	EFDD	EFDD	EFDD	EFDD	EFDD	(2.0, 0.0, 20.0)
58904	2015-10-27 13:25:59	47.0	5639e71ed1d1c5608b000000	Open internet access	Am 12=23	"['2.40 Free movement of services, freedom to provide', '3.30.03.04 Telecommunication networks', '3.30.05 Electronic and mobile communications, personal communications', '3.30.06 Information and communication technologies', '3.30.20 Trans-European communications networks', '3.30.25 International information networks and society, internet', ""4.60.06 Consumers' economic and legal interests""]"	ITRE	COD - Ordinary legislative procedure (ex-codecision procedure)	Legislation	EFDD	EFDD	EFDD	EFDD	EFDD	EFDD	EFDD	EFDD	EFDD	EFDD	EFDD	EFDD	EFDD	EFDD	EFDD	EFDD	EFDD	EFDD	(2.0, 0.0, 20.0)
58907	2015-10-27 13:26:46	47.0	5639e71ed1d1c5608b000000	Open internet access	Am 3=14=	"['2.40 Free movement of services, freedom to provide', '3.30.03.04 Telecommunication networks', '3.30.05 Electronic and mobile communications, personal communications', '3.30.06 Information and communication technologies', '3.30.20 Trans-European communications networks', '3.30.25 International information networks and society, internet', ""4.60.06 Consumers' economic and legal interests""]"	ITRE	COD - Ordinary legislative procedure (ex-codecision procedure)	Legislation	EFDD	EFDD	EFDD	EFDD	EFDD	EFDD	EFDD	EFDD	EFDD	EFDD	EFDD	EFDD	EFDD	EFDD	EFDD	EFDD	EFDD	EFDD	(0.0, 0.0, 22.0)
58906	2015-10-27 13:26:29	47.0	5639e71ed1d1c5608b000000	Open internet access	Am 2	"['2.40 Free movement of services, freedom to provide', '3.30.03.04 Telecommunication networks', '3.30.05 Electronic and mobile communications, personal communications', '3.30.06 Information and communication technologies', '3.30.20 Trans-European communications networks', '3.30.25 International information networks and society, internet', ""4.60.06 Consumers' economic and legal interests""]"	ITRE	COD - Ordinary legislative procedure (ex-codecision procedure)	Legislation	EFDD	EFDD	EFDD	EFDD	EFDD	EFDD	EFDD	EFDD	EFDD	EFDD	EFDD	EFDD	EFDD	EFDD	EFDD	EFDD	EFDD	EFDD	(0.0, 0.0, 22.0)
58910	2015-10-27 13:27:34	47.0	5639e71ed1d1c5608b000000	Open internet access	Am 6=17=	"['2.40 Free movement of services, freedom to provide', '3.30.03.04 Telecommunication networks', '3.30.05 Electronic and mobile communications, personal communications', '3.30.06 Information and communication technologies', '3.30.20 Trans-European communications networks', '3.30.25 International information networks and society, internet', ""4.60.06 Consumers' economic and legal interests""]"	ITRE	COD - Ordinary legislative procedure (ex-codecision procedure)	Legislation	EFDD	EFDD	EFDD	EFDD	EFDD	EFDD	EFDD	EFDD	EFDD	EFDD	EFDD	EFDD	EFDD	EFDD	EFDD	EFDD	EFDD	EFDD	(2.0, 0.0, 20.0)
58909	2015-10-27 13:27:16	47.0	5639e71ed1d1c5608b000000	Open internet access	Am 5=16=	"['2.40 Free movement of services, freedom to provide', '3.30.03.04 Telecommunication networks', '3.30.05 Electronic and mobile communications, personal communications', '3.30.06 Information and communication technologies', '3.30.20 Trans-European communications networks', '3.30.25 International information networks and society, internet', ""4.60.06 Consumers' economic and legal interests""]"	ITRE	COD - Ordinary legislative procedure (ex-codecision procedure)	Legislation	ECR	ECR	ECR	ECR	ECR	ECR	ECR	ECR	ECR	ECR	ECR	ECR	ECR	ECR	ECR	ECR	ECR	ECR	(5.0, 37.0, 1.0)
58908	2015-10-27 13:27:02	47.0	5639e71ed1d1c5608b000000	Open internet access	Am 4=15=	"['2.40 Free movement of services, freedom to provide', '3.30.03.04 Telecommunication networks', '3.30.05 Electronic and mobile communications, personal communications', '3.30.06 Information and communication technologies', '3.30.20 Trans-European communications networks', '3.30.25 International information networks and society, internet', ""4.60.06 Consumers' economic and legal interests""]"	ITRE	COD - Ordinary legislative procedure (ex-codecision procedure)	Legislation	ECR	ECR	ECR	ECR	ECR	ECR	ECR	ECR	ECR	ECR	ECR	ECR	ECR	ECR	ECR	ECR	ECR	ECR	(5.0, 37.0, 1.0)
58911	2015-10-27 13:27:54	47.0	5639e71ed1d1c5608b000000	Open internet access	Am 7rev=18rev	"['2.40 Free movement of services, freedom to provide', '3.30.03.04 Telecommunication networks', '3.30.05 Electronic and mobile communications, personal communications', '3.30.06 Information and communication technologies', '3.30.20 Trans-European communications networks', '3.30.25 International information networks and society, internet', ""4.60.06 Consumers' economic and legal interests""]"	ITRE	COD - Ordinary legislative procedure (ex-codecision procedure)	Legislation	ECR	ECR	ECR	ECR	ECR	ECR	ECR	ECR	ECR	ECR	ECR	ECR	ECR	ECR	ECR	ECR	ECR	ECR	(4.0, 35.0, 3.0)
58899	2015-10-27 13:24:31	47.0	5639e71ed1d1c5608b000000	Open internet access	Am 1	"['2.40 Free movement of services, freedom to provide', '3.30.03.04 Telecommunication networks', '3.30.05 Electronic and mobile communications, personal communications', '3.30.06 Information and communication technologies', '3.30.20 Trans-European communications networks', '3.30.25 International information networks and society, internet', ""4.60.06 Consumers' economic and legal interests""]"	ITRE	COD - Ordinary legislative procedure (ex-codecision procedure)	Legislation	ECR	ECR	ECR	ECR	ECR	ECR	ECR	ECR	ECR	ECR	ECR	ECR	ECR	ECR	ECR	ECR	ECR	ECR	(4.0, 36.0, 3.0)
58901	2015-10-27 13:25:10	47.0	5639e71ed1d1c5608b000000	Open internet access	Am 9=20=	"['2.40 Free movement of services, freedom to provide', '3.30.03.04 Telecommunication networks', '3.30.05 Electronic and mobile communications, personal communications', '3.30.06 Information and communication technologies', '3.30.20 Trans-European communications networks', '3.30.25 International information networks and society, internet', ""4.60.06 Consumers' economic and legal interests""]"	ITRE	COD - Ordinary legislative procedure (ex-codecision procedure)	Legislation	ECR	ECR	ECR	ECR	ECR	ECR	ECR	ECR	ECR	ECR	ECR	ECR	ECR	ECR	ECR	ECR	ECR	ECR	(4.0, 37.0, 2.0)
58900	2015-10-27 13:24:53	47.0	5639e71ed1d1c5608b000000	Open internet access	Am 8=19=	"['2.40 Free movement of services, freedom to provide', '3.30.03.04 Telecommunication networks', '3.30.05 Electronic and mobile communications, personal communications', '3.30.06 Information and communication technologies', '3.30.20 Trans-European communications networks', '3.30.25 International information networks and society, internet', ""4.60.06 Consumers' economic and legal interests""]"	ITRE	COD - Ordinary legislative procedure (ex-codecision procedure)	Legislation	ECR	ECR	ECR	ECR	ECR	ECR	ECR	ECR	ECR	ECR	ECR	ECR	ECR	ECR	ECR	ECR	ECR	ECR	(5.0, 36.0, 2.0)
58903	2015-10-27 13:25:43	47.0	5639e71ed1d1c5608b000000	Open internet access	Am 11=22	"['2.40 Free movement of services, freedom to provide', '3.30.03.04 Telecommunication networks', '3.30.05 Electronic and mobile communications, personal communications', '3.30.06 Information and communication technologies', '3.30.20 Trans-European communications networks', '3.30.25 International information networks and society, internet', ""4.60.06 Consumers' economic and legal interests""]"	ITRE	COD - Ordinary legislative procedure (ex-codecision procedure)	Legislation	ECR	ECR	ECR	ECR	ECR	ECR	ECR	ECR	ECR	ECR	ECR	ECR	ECR	ECR	ECR	ECR	ECR	ECR	(4.0, 38.0, 1.0)
58902	2015-10-27 13:25:26	47.0	5639e71ed1d1c5608b000000	Open internet access	Am 10=21	"['2.40 Free movement of services, freedom to provide', '3.30.03.04 Telecommunication networks', '3.30.05 Electronic and mobile communications, personal communications', '3.30.06 Information and communication technologies', '3.30.20 Trans-European communications networks', '3.30.25 International information networks and society, internet', ""4.60.06 Consumers' economic and legal interests""]"	ITRE	COD - Ordinary legislative procedure (ex-codecision procedure)	Legislation	ECR	ECR	ECR	ECR	ECR	ECR	ECR	ECR	ECR	ECR	ECR	ECR	ECR	ECR	ECR	ECR	ECR	ECR	(3.0, 36.0, 4.0)
58905	2015-10-27 13:26:15	47.0	5639e71ed1d1c5608b000000	Open internet access	Am 13=24	"['2.40 Free movement of services, freedom to provide', '3.30.03.04 Telecommunication networks', '3.30.05 Electronic and mobile communications, personal communications', '3.30.06 Information and communication technologies', '3.30.20 Trans-European communications networks', '3.30.25 International information networks and society, internet', ""4.60.06 Consumers' economic and legal interests""]"	ITRE	COD - Ordinary legislative procedure (ex-codecision procedure)	Legislation	ECR	ECR	ECR	ECR	ECR	ECR	ECR	ECR	ECR	ECR	ECR	ECR	ECR	ECR	ECR	ECR	ECR	ECR	(4.0, 37.0, 2.0)
58904	2015-10-27 13:25:59	47.0	5639e71ed1d1c5608b000000	Open internet access	Am 12=23	"['2.40 Free movement of services, freedom to provide', '3.30.03.04 Telecommunication networks', '3.30.05 Electronic and mobile communications, personal communications', '3.30.06 Information and communication technologies', '3.30.20 Trans-European communications networks', '3.30.25 International information networks and society, internet', ""4.60.06 Consumers' economic and legal interests""]"	ITRE	COD - Ordinary legislative procedure (ex-codecision procedure)	Legislation	ECR	ECR	ECR	ECR	ECR	ECR	ECR	ECR	ECR	ECR	ECR	ECR	ECR	ECR	ECR	ECR	ECR	ECR	(4.0, 38.0, 1.0)
58907	2015-10-27 13:26:46	47.0	5639e71ed1d1c5608b000000	Open internet access	Am 3=14=	"['2.40 Free movement of services, freedom to provide', '3.30.03.04 Telecommunication networks', '3.30.05 Electronic and mobile communications, personal communications', '3.30.06 Information and communication technologies', '3.30.20 Trans-European communications networks', '3.30.25 International information networks and society, internet', ""4.60.06 Consumers' economic and legal interests""]"	ITRE	COD - Ordinary legislative procedure (ex-codecision procedure)	Legislation	ECR	ECR	ECR	ECR	ECR	ECR	ECR	ECR	ECR	ECR	ECR	ECR	ECR	ECR	ECR	ECR	ECR	ECR	(5.0, 37.0, 1.0)
58906	2015-10-27 13:26:29	47.0	5639e71ed1d1c5608b000000	Open internet access	Am 2	"['2.40 Free movement of services, freedom to provide', '3.30.03.04 Telecommunication networks', '3.30.05 Electronic and mobile communications, personal communications', '3.30.06 Information and communication technologies', '3.30.20 Trans-European communications networks', '3.30.25 International information networks and society, internet', ""4.60.06 Consumers' economic and legal interests""]"	ITRE	COD - Ordinary legislative procedure (ex-codecision procedure)	Legislation	ECR	ECR	ECR	ECR	ECR	ECR	ECR	ECR	ECR	ECR	ECR	ECR	ECR	ECR	ECR	ECR	ECR	ECR	(4.0, 36.0, 2.0)
58910	2015-10-27 13:27:34	47.0	5639e71ed1d1c5608b000000	Open internet access	Am 6=17=	"['2.40 Free movement of services, freedom to provide', '3.30.03.04 Telecommunication networks', '3.30.05 Electronic and mobile communications, personal communications', '3.30.06 Information and communication technologies', '3.30.20 Trans-European communications networks', '3.30.25 International information networks and society, internet', ""4.60.06 Consumers' economic and legal interests""]"	ITRE	COD - Ordinary legislative procedure (ex-codecision procedure)	Legislation	ECR	ECR	ECR	ECR	ECR	ECR	ECR	ECR	ECR	ECR	ECR	ECR	ECR	ECR	ECR	ECR	ECR	ECR	(5.0, 37.0, 1.0)
58909	2015-10-27 13:27:16	47.0	5639e71ed1d1c5608b000000	Open internet access	Am 5=16=	"['2.40 Free movement of services, freedom to provide', '3.30.03.04 Telecommunication networks', '3.30.05 Electronic and mobile communications, personal communications', '3.30.06 Information and communication technologies', '3.30.20 Trans-European communications networks', '3.30.25 International information networks and society, internet', ""4.60.06 Consumers' economic and legal interests""]"	ITRE	COD - Ordinary legislative procedure (ex-codecision procedure)	Legislation	S&D	S&D	S&D	S&D	S&D	S&D	S&D	S&D	S&D	S&D	S&D	S&D	S&D	S&D	S&D	S&D	S&D	S&D	(4.0, 86.0, 39.0)
58908	2015-10-27 13:27:02	47.0	5639e71ed1d1c5608b000000	Open internet access	Am 4=15=	"['2.40 Free movement of services, freedom to provide', '3.30.03.04 Telecommunication networks', '3.30.05 Electronic and mobile communications, personal communications', '3.30.06 Information and communication technologies', '3.30.20 Trans-European communications networks', '3.30.25 International information networks and society, internet', ""4.60.06 Consumers' economic and legal interests""]"	ITRE	COD - Ordinary legislative procedure (ex-codecision procedure)	Legislation	S&D	S&D	S&D	S&D	S&D	S&D	S&D	S&D	S&D	S&D	S&D	S&D	S&D	S&D	S&D	S&D	S&D	S&D	(4.0, 85.0, 40.0)
58911	2015-10-27 13:27:54	47.0	5639e71ed1d1c5608b000000	Open internet access	Am 7rev=18rev	"['2.40 Free movement of services, freedom to provide', '3.30.03.04 Telecommunication networks', '3.30.05 Electronic and mobile communications, personal communications', '3.30.06 Information and communication technologies', '3.30.20 Trans-European communications networks', '3.30.25 International information networks and society, internet', ""4.60.06 Consumers' economic and legal interests""]"	ITRE	COD - Ordinary legislative procedure (ex-codecision procedure)	Legislation	S&D	S&D	S&D	S&D	S&D	S&D	S&D	S&D	S&D	S&D	S&D	S&D	S&D	S&D	S&D	S&D	S&D	S&D	(5.0, 82.0, 40.0)
58899	2015-10-27 13:24:31	47.0	5639e71ed1d1c5608b000000	Open internet access	Am 1	"['2.40 Free movement of services, freedom to provide', '3.30.03.04 Telecommunication networks', '3.30.05 Electronic and mobile communications, personal communications', '3.30.06 Information and communication technologies', '3.30.20 Trans-European communications networks', '3.30.25 International information networks and society, internet', ""4.60.06 Consumers' economic and legal interests""]"	ITRE	COD - Ordinary legislative procedure (ex-codecision procedure)	Legislation	S&D	S&D	S&D	S&D	S&D	S&D	S&D	S&D	S&D	S&D	S&D	S&D	S&D	S&D	S&D	S&D	S&D	S&D	(9.0, 106.0, 15.0)
58901	2015-10-27 13:25:10	47.0	5639e71ed1d1c5608b000000	Open internet access	Am 9=20=	"['2.40 Free movement of services, freedom to provide', '3.30.03.04 Telecommunication networks', '3.30.05 Electronic and mobile communications, personal communications', '3.30.06 Information and communication technologies', '3.30.20 Trans-European communications networks', '3.30.25 International information networks and society, internet', ""4.60.06 Consumers' economic and legal interests""]"	ITRE	COD - Ordinary legislative procedure (ex-codecision procedure)	Legislation	S&D	S&D	S&D	S&D	S&D	S&D	S&D	S&D	S&D	S&D	S&D	S&D	S&D	S&D	S&D	S&D	S&D	S&D	(5.0, 85.0, 40.0)
58900	2015-10-27 13:24:53	47.0	5639e71ed1d1c5608b000000	Open internet access	Am 8=19=	"['2.40 Free movement of services, freedom to provide', '3.30.03.04 Telecommunication networks', '3.30.05 Electronic and mobile communications, personal communications', '3.30.06 Information and communication technologies', '3.30.20 Trans-European communications networks', '3.30.25 International information networks and society, internet', ""4.60.06 Consumers' economic and legal interests""]"	ITRE	COD - Ordinary legislative procedure (ex-codecision procedure)	Legislation	S&D	S&D	S&D	S&D	S&D	S&D	S&D	S&D	S&D	S&D	S&D	S&D	S&D	S&D	S&D	S&D	S&D	S&D	(5.0, 78.0, 45.0)
58903	2015-10-27 13:25:43	47.0	5639e71ed1d1c5608b000000	Open internet access	Am 11=22	"['2.40 Free movement of services, freedom to provide', '3.30.03.04 Telecommunication networks', '3.30.05 Electronic and mobile communications, personal communications', '3.30.06 Information and communication technologies', '3.30.20 Trans-European communications networks', '3.30.25 International information networks and society, internet', ""4.60.06 Consumers' economic and legal interests""]"	ITRE	COD - Ordinary legislative procedure (ex-codecision procedure)	Legislation	S&D	S&D	S&D	S&D	S&D	S&D	S&D	S&D	S&D	S&D	S&D	S&D	S&D	S&D	S&D	S&D	S&D	S&D	(4.0, 87.0, 38.0)
58902	2015-10-27 13:25:26	47.0	5639e71ed1d1c5608b000000	Open internet access	Am 10=21	"['2.40 Free movement of services, freedom to provide', '3.30.03.04 Telecommunication networks', '3.30.05 Electronic and mobile communications, personal communications', '3.30.06 Information and communication technologies', '3.30.20 Trans-European communications networks', '3.30.25 International information networks and society, internet', ""4.60.06 Consumers' economic and legal interests""]"	ITRE	COD - Ordinary legislative procedure (ex-codecision procedure)	Legislation	S&D	S&D	S&D	S&D	S&D	S&D	S&D	S&D	S&D	S&D	S&D	S&D	S&D	S&D	S&D	S&D	S&D	S&D	(21.0, 90.0, 18.0)
58905	2015-10-27 13:26:15	47.0	5639e71ed1d1c5608b000000	Open internet access	Am 13=24	"['2.40 Free movement of services, freedom to provide', '3.30.03.04 Telecommunication networks', '3.30.05 Electronic and mobile communications, personal communications', '3.30.06 Information and communication technologies', '3.30.20 Trans-European communications networks', '3.30.25 International information networks and society, internet', ""4.60.06 Consumers' economic and legal interests""]"	ITRE	COD - Ordinary legislative procedure (ex-codecision procedure)	Legislation	S&D	S&D	S&D	S&D	S&D	S&D	S&D	S&D	S&D	S&D	S&D	S&D	S&D	S&D	S&D	S&D	S&D	S&D	(5.0, 83.0, 42.0)
58904	2015-10-27 13:25:59	47.0	5639e71ed1d1c5608b000000	Open internet access	Am 12=23	"['2.40 Free movement of services, freedom to provide', '3.30.03.04 Telecommunication networks', '3.30.05 Electronic and mobile communications, personal communications', '3.30.06 Information and communication technologies', '3.30.20 Trans-European communications networks', '3.30.25 International information networks and society, internet', ""4.60.06 Consumers' economic and legal interests""]"	ITRE	COD - Ordinary legislative procedure (ex-codecision procedure)	Legislation	S&D	S&D	S&D	S&D	S&D	S&D	S&D	S&D	S&D	S&D	S&D	S&D	S&D	S&D	S&D	S&D	S&D	S&D	(4.0, 87.0, 38.0)
58907	2015-10-27 13:26:46	47.0	5639e71ed1d1c5608b000000	Open internet access	Am 3=14=	"['2.40 Free movement of services, freedom to provide', '3.30.03.04 Telecommunication networks', '3.30.05 Electronic and mobile communications, personal communications', '3.30.06 Information and communication technologies', '3.30.20 Trans-European communications networks', '3.30.25 International information networks and society, internet', ""4.60.06 Consumers' economic and legal interests""]"	ITRE	COD - Ordinary legislative procedure (ex-codecision procedure)	Legislation	S&D	S&D	S&D	S&D	S&D	S&D	S&D	S&D	S&D	S&D	S&D	S&D	S&D	S&D	S&D	S&D	S&D	S&D	(6.0, 86.0, 38.0)
58906	2015-10-27 13:26:29	47.0	5639e71ed1d1c5608b000000	Open internet access	Am 2	"['2.40 Free movement of services, freedom to provide', '3.30.03.04 Telecommunication networks', '3.30.05 Electronic and mobile communications, personal communications', '3.30.06 Information and communication technologies', '3.30.20 Trans-European communications networks', '3.30.25 International information networks and society, internet', ""4.60.06 Consumers' economic and legal interests""]"	ITRE	COD - Ordinary legislative procedure (ex-codecision procedure)	Legislation	S&D	S&D	S&D	S&D	S&D	S&D	S&D	S&D	S&D	S&D	S&D	S&D	S&D	S&D	S&D	S&D	S&D	S&D	(7.0, 80.0, 40.0)
58910	2015-10-27 13:27:34	47.0	5639e71ed1d1c5608b000000	Open internet access	Am 6=17=	"['2.40 Free movement of services, freedom to provide', '3.30.03.04 Telecommunication networks', '3.30.05 Electronic and mobile communications, personal communications', '3.30.06 Information and communication technologies', '3.30.20 Trans-European communications networks', '3.30.25 International information networks and society, internet', ""4.60.06 Consumers' economic and legal interests""]"	ITRE	COD - Ordinary legislative procedure (ex-codecision procedure)	Legislation	S&D	S&D	S&D	S&D	S&D	S&D	S&D	S&D	S&D	S&D	S&D	S&D	S&D	S&D	S&D	S&D	S&D	S&D	(6.0, 82.0, 38.0)
58909	2015-10-27 13:27:16	47.0	5639e71ed1d1c5608b000000	Open internet access	Am 5=16=	"['2.40 Free movement of services, freedom to provide', '3.30.03.04 Telecommunication networks', '3.30.05 Electronic and mobile communications, personal communications', '3.30.06 Information and communication technologies', '3.30.20 Trans-European communications networks', '3.30.25 International information networks and society, internet', ""4.60.06 Consumers' economic and legal interests""]"	ITRE	COD - Ordinary legislative procedure (ex-codecision procedure)	Legislation	ALDE	ALDE	ALDE	ALDE	ALDE	ALDE	ALDE	ALDE	ALDE	ALDE	ALDE	ALDE	ALDE	ALDE	ALDE	ALDE	ALDE	ALDE	(1.0, 33.0, 16.0)
58908	2015-10-27 13:27:02	47.0	5639e71ed1d1c5608b000000	Open internet access	Am 4=15=	"['2.40 Free movement of services, freedom to provide', '3.30.03.04 Telecommunication networks', '3.30.05 Electronic and mobile communications, personal communications', '3.30.06 Information and communication technologies', '3.30.20 Trans-European communications networks', '3.30.25 International information networks and society, internet', ""4.60.06 Consumers' economic and legal interests""]"	ITRE	COD - Ordinary legislative procedure (ex-codecision procedure)	Legislation	ALDE	ALDE	ALDE	ALDE	ALDE	ALDE	ALDE	ALDE	ALDE	ALDE	ALDE	ALDE	ALDE	ALDE	ALDE	ALDE	ALDE	ALDE	(1.0, 35.0, 15.0)
58911	2015-10-27 13:27:54	47.0	5639e71ed1d1c5608b000000	Open internet access	Am 7rev=18rev	"['2.40 Free movement of services, freedom to provide', '3.30.03.04 Telecommunication networks', '3.30.05 Electronic and mobile communications, personal communications', '3.30.06 Information and communication technologies', '3.30.20 Trans-European communications networks', '3.30.25 International information networks and society, internet', ""4.60.06 Consumers' economic and legal interests""]"	ITRE	COD - Ordinary legislative procedure (ex-codecision procedure)	Legislation	ALDE	ALDE	ALDE	ALDE	ALDE	ALDE	ALDE	ALDE	ALDE	ALDE	ALDE	ALDE	ALDE	ALDE	ALDE	ALDE	ALDE	ALDE	(1.0, 32.0, 15.0)
58899	2015-10-27 13:24:31	47.0	5639e71ed1d1c5608b000000	Open internet access	Am 1	"['2.40 Free movement of services, freedom to provide', '3.30.03.04 Telecommunication networks', '3.30.05 Electronic and mobile communications, personal communications', '3.30.06 Information and communication technologies', '3.30.20 Trans-European communications networks', '3.30.25 International information networks and society, internet', ""4.60.06 Consumers' economic and legal interests""]"	ITRE	COD - Ordinary legislative procedure (ex-codecision procedure)	Legislation	ALDE	ALDE	ALDE	ALDE	ALDE	ALDE	ALDE	ALDE	ALDE	ALDE	ALDE	ALDE	ALDE	ALDE	ALDE	ALDE	ALDE	ALDE	(0.0, 51.0, 0.0)
58901	2015-10-27 13:25:10	47.0	5639e71ed1d1c5608b000000	Open internet access	Am 9=20=	"['2.40 Free movement of services, freedom to provide', '3.30.03.04 Telecommunication networks', '3.30.05 Electronic and mobile communications, personal communications', '3.30.06 Information and communication technologies', '3.30.20 Trans-European communications networks', '3.30.25 International information networks and society, internet', ""4.60.06 Consumers' economic and legal interests""]"	ITRE	COD - Ordinary legislative procedure (ex-codecision procedure)	Legislation	ALDE	ALDE	ALDE	ALDE	ALDE	ALDE	ALDE	ALDE	ALDE	ALDE	ALDE	ALDE	ALDE	ALDE	ALDE	ALDE	ALDE	ALDE	(3.0, 32.0, 16.0)
58900	2015-10-27 13:24:53	47.0	5639e71ed1d1c5608b000000	Open internet access	Am 8=19=	"['2.40 Free movement of services, freedom to provide', '3.30.03.04 Telecommunication networks', '3.30.05 Electronic and mobile communications, personal communications', '3.30.06 Information and communication technologies', '3.30.20 Trans-European communications networks', '3.30.25 International information networks and society, internet', ""4.60.06 Consumers' economic and legal interests""]"	ITRE	COD - Ordinary legislative procedure (ex-codecision procedure)	Legislation	ALDE	ALDE	ALDE	ALDE	ALDE	ALDE	ALDE	ALDE	ALDE	ALDE	ALDE	ALDE	ALDE	ALDE	ALDE	ALDE	ALDE	ALDE	(3.0, 33.0, 14.0)
58903	2015-10-27 13:25:43	47.0	5639e71ed1d1c5608b000000	Open internet access	Am 11=22	"['2.40 Free movement of services, freedom to provide', '3.30.03.04 Telecommunication networks', '3.30.05 Electronic and mobile communications, personal communications', '3.30.06 Information and communication technologies', '3.30.20 Trans-European communications networks', '3.30.25 International information networks and society, internet', ""4.60.06 Consumers' economic and legal interests""]"	ITRE	COD - Ordinary legislative procedure (ex-codecision procedure)	Legislation	ALDE	ALDE	ALDE	ALDE	ALDE	ALDE	ALDE	ALDE	ALDE	ALDE	ALDE	ALDE	ALDE	ALDE	ALDE	ALDE	ALDE	ALDE	(1.0, 34.0, 16.0)
58902	2015-10-27 13:25:26	47.0	5639e71ed1d1c5608b000000	Open internet access	Am 10=21	"['2.40 Free movement of services, freedom to provide', '3.30.03.04 Telecommunication networks', '3.30.05 Electronic and mobile communications, personal communications', '3.30.06 Information and communication technologies', '3.30.20 Trans-European communications networks', '3.30.25 International information networks and society, internet', ""4.60.06 Consumers' economic and legal interests""]"	ITRE	COD - Ordinary legislative procedure (ex-codecision procedure)	Legislation	ALDE	ALDE	ALDE	ALDE	ALDE	ALDE	ALDE	ALDE	ALDE	ALDE	ALDE	ALDE	ALDE	ALDE	ALDE	ALDE	ALDE	ALDE	(1.0, 34.0, 16.0)
58905	2015-10-27 13:26:15	47.0	5639e71ed1d1c5608b000000	Open internet access	Am 13=24	"['2.40 Free movement of services, freedom to provide', '3.30.03.04 Telecommunication networks', '3.30.05 Electronic and mobile communications, personal communications', '3.30.06 Information and communication technologies', '3.30.20 Trans-European communications networks', '3.30.25 International information networks and society, internet', ""4.60.06 Consumers' economic and legal interests""]"	ITRE	COD - Ordinary legislative procedure (ex-codecision procedure)	Legislation	ALDE	ALDE	ALDE	ALDE	ALDE	ALDE	ALDE	ALDE	ALDE	ALDE	ALDE	ALDE	ALDE	ALDE	ALDE	ALDE	ALDE	ALDE	(1.0, 35.0, 15.0)
58904	2015-10-27 13:25:59	47.0	5639e71ed1d1c5608b000000	Open internet access	Am 12=23	"['2.40 Free movement of services, freedom to provide', '3.30.03.04 Telecommunication networks', '3.30.05 Electronic and mobile communications, personal communications', '3.30.06 Information and communication technologies', '3.30.20 Trans-European communications networks', '3.30.25 International information networks and society, internet', ""4.60.06 Consumers' economic and legal interests""]"	ITRE	COD - Ordinary legislative procedure (ex-codecision procedure)	Legislation	ALDE	ALDE	ALDE	ALDE	ALDE	ALDE	ALDE	ALDE	ALDE	ALDE	ALDE	ALDE	ALDE	ALDE	ALDE	ALDE	ALDE	ALDE	(2.0, 34.0, 15.0)
58907	2015-10-27 13:26:46	47.0	5639e71ed1d1c5608b000000	Open internet access	Am 3=14=	"['2.40 Free movement of services, freedom to provide', '3.30.03.04 Telecommunication networks', '3.30.05 Electronic and mobile communications, personal communications', '3.30.06 Information and communication technologies', '3.30.20 Trans-European communications networks', '3.30.25 International information networks and society, internet', ""4.60.06 Consumers' economic and legal interests""]"	ITRE	COD - Ordinary legislative procedure (ex-codecision procedure)	Legislation	ALDE	ALDE	ALDE	ALDE	ALDE	ALDE	ALDE	ALDE	ALDE	ALDE	ALDE	ALDE	ALDE	ALDE	ALDE	ALDE	ALDE	ALDE	(1.0, 35.0, 15.0)
58906	2015-10-27 13:26:29	47.0	5639e71ed1d1c5608b000000	Open internet access	Am 2	"['2.40 Free movement of services, freedom to provide', '3.30.03.04 Telecommunication networks', '3.30.05 Electronic and mobile communications, personal communications', '3.30.06 Information and communication technologies', '3.30.20 Trans-European communications networks', '3.30.25 International information networks and society, internet', ""4.60.06 Consumers' economic and legal interests""]"	ITRE	COD - Ordinary legislative procedure (ex-codecision procedure)	Legislation	ALDE	ALDE	ALDE	ALDE	ALDE	ALDE	ALDE	ALDE	ALDE	ALDE	ALDE	ALDE	ALDE	ALDE	ALDE	ALDE	ALDE	ALDE	(2.0, 39.0, 8.0)
58910	2015-10-27 13:27:34	47.0	5639e71ed1d1c5608b000000	Open internet access	Am 6=17=	"['2.40 Free movement of services, freedom to provide', '3.30.03.04 Telecommunication networks', '3.30.05 Electronic and mobile communications, personal communications', '3.30.06 Information and communication technologies', '3.30.20 Trans-European communications networks', '3.30.25 International information networks and society, internet', ""4.60.06 Consumers' economic and legal interests""]"	ITRE	COD - Ordinary legislative procedure (ex-codecision procedure)	Legislation	ALDE	ALDE	ALDE	ALDE	ALDE	ALDE	ALDE	ALDE	ALDE	ALDE	ALDE	ALDE	ALDE	ALDE	ALDE	ALDE	ALDE	ALDE	(1.0, 33.0, 15.0)
